{"cameraMode":{"drawMode":0,"name":"Shaded","section":"Shading Mode"},"sceneLighting":false,"audioPlay":false,"sceneViewState":{"showFog":true,"showMaterialUpdate":true,"showSkybox":false,"showFlares":true,"showImageEffects":true,"showParticleSystems":true},"in2DMode":false,"pivot":{"x":-0.06959998607635498,"y":1.5282000303268433,"z":-0.03999999910593033},"rotation":{"x":0.1552426815032959,"y":0.039982229471206668,"z":-0.006368962116539478,"w":0.9870806336402893},"size":1.6370831727981568,"orthographic":true}