{"cameraMode":{"drawMode":0,"name":"Shaded","section":"Shading Mode"},"sceneLighting":true,"audioPlay":false,"sceneViewState":{"showFog":true,"showMaterialUpdate":true,"showSkybox":true,"showFlares":true,"showImageEffects":true,"showParticleSystems":true},"in2DMode":false,"pivot":{"x":-3.568462610244751,"y":5.4623613357543949,"z":1.2116374969482422},"rotation":{"x":0.017422599717974664,"y":-0.8493086099624634,"z":0.028019867837429048,"w":0.5269185304641724},"size":7.301729679107666,"orthographic":true}