{"cameraMode":{"drawMode":0,"name":"Shaded","section":"Shading Mode"},"sceneLighting":false,"audioPlay":false,"sceneViewState":{"showFog":true,"showMaterialUpdate":true,"showSkybox":true,"showFlares":true,"showImageEffects":true,"showParticleSystems":true},"in2DMode":false,"pivot":{"x":-0.6394649744033814,"y":3.2330784797668459,"z":0.4100067615509033},"rotation":{"x":-0.12942419946193696,"y":0.18099741637706757,"z":-0.023960547521710397,"w":-0.9746879935264587},"size":1.870920181274414,"orthographic":true}